bairro,margem_m,f,portas,fluxo,n_origem
Urca,200,0.15,3,1,10
Urca,200,0.2,3,1,14
Urca,200,0.25,3,1,18
Urca,400,0.15,3,1,10
Urca,400,0.2,3,1,14
Urca,400,0.25,3,1,18
Urca,800,0.15,3,1,10
Urca,800,0.2,3,1,14
Urca,800,0.25,3,1,18
Copacabana,200,0.15,21,18,52
Copacabana,200,0.2,21,18,69
Copacabana,200,0.25,21,18,86
Copacabana,400,0.15,21,18,52
Copacabana,400,0.2,21,18,69
Copacabana,400,0.25,21,18,86
Copacabana,800,0.15,21,18,52
Copacabana,800,0.2,21,18,69
Copacabana,800,0.25,21,18,86
Botafogo,200,0.15,31,15,65
Botafogo,200,0.2,31,15,87
Botafogo,200,0.25,31,15,108
Botafogo,400,0.15,31,15,65
Botafogo,400,0.2,31,15,87
Botafogo,400,0.25,31,15,108
Botafogo,800,0.15,31,15,65
Botafogo,800,0.2,31,15,87
Botafogo,800,0.25,31,15,108
